{"backend": "engine", "successful_requests": 1000, "total_latency": 65.74592060409486, "total_input_tokens": 296523, "total_output_tokens": 186737, "request_throughput": 15.210069169488774, "input_throughput": 4510.13534034432, "output_throughput": 2840.282686502825, "total_throughput": 7350.418026847145, "last_gen_throughput": 76.42871502108233}
{"backend": "engine", "successful_requests": 1000, "total_latency": 65.75879491865635, "total_input_tokens": 296523, "total_output_tokens": 186737, "request_throughput": 15.207091328802488, "input_throughput": 4509.2523420905, "output_throughput": 2839.72661346659, "total_throughput": 7348.97895555709, "last_gen_throughput": 76.4439979092167}
{"backend": "engine", "successful_requests": 1000, "total_latency": 3565.1285975947976, "total_input_tokens": 296523, "total_output_tokens": 186737, "request_throughput": 0.28049479075583605, "input_throughput": 83.17315683929277, "output_throughput": 52.37875574137256, "total_throughput": 135.55191258066534, "last_gen_throughput": 1.1474857468980717}
{"backend": "engine", "successful_requests": 1000, "total_latency": 2103.05198029615, "total_input_tokens": 296523, "total_output_tokens": 186737, "request_throughput": 0.47549942149274926, "input_throughput": 140.9965149592945, "output_throughput": 88.79333547129153, "total_throughput": 229.78985043058603, "last_gen_throughput": 1.8707924993332528}
